{
  "top_k": 3,
  "metric": "geomean_normalized_tput_mm2_and_J",
  "ranking": [
    {
      "config": "512x128",
      "geomean_combined": 0.852130743482673,
      "geomean_tput_mm2": 0.8833410952832863,
      "geomean_tput_J": 0.8220231209275566,
      "per_workload": {
        "fc_128_128": {
          "norm_tput_mm2": 1.0,
          "norm_tput_J": 0.847621236497357
        },
        "fc_2048_256": {
          "norm_tput_mm2": 0.6300883502404174,
          "norm_tput_J": 0.9749587510349469
        },
        "fc_256_512": {
          "norm_tput_mm2": 0.8716163889594756,
          "norm_tput_J": 0.811349349866529
        },
        "fc_512_128": {
          "norm_tput_mm2": 1.0,
          "norm_tput_J": 1.0
        },
        "fc_512_512": {
          "norm_tput_mm2": 0.9923713802255762,
          "norm_tput_J": 0.9656231393563347
        },
        "fc_64_64": {
          "norm_tput_mm2": 0.8717050137362637,
          "norm_tput_J": 0.4765413279132792
        }
      }
    },
    {
      "config": "512x256",
      "geomean_combined": 0.6347466286770768,
      "geomean_tput_mm2": 0.6729897494342979,
      "geomean_tput_J": 0.5986767004335317,
      "per_workload": {
        "fc_128_128": {
          "norm_tput_mm2": 0.47561617664102845,
          "norm_tput_J": 0.4163624731870696
        },
        "fc_2048_256": {
          "norm_tput_mm2": 1.0,
          "norm_tput_J": 1.0
        },
        "fc_256_512": {
          "norm_tput_mm2": 0.8054345061403904,
          "norm_tput_J": 0.7723747848184277
        },
        "fc_512_128": {
          "norm_tput_mm2": 0.5453186798895586,
          "norm_tput_J": 0.5762453220942485
        },
        "fc_512_512": {
          "norm_tput_mm2": 1.0,
          "norm_tput_J": 1.0
        },
        "fc_64_64": {
          "norm_tput_mm2": 0.4447474559878896,
          "norm_tput_J": 0.2484546096785588
        }
      }
    },
    {
      "config": "512x64",
      "geomean_combined": 0.6322838176653477,
      "geomean_tput_mm2": 0.5047796084658356,
      "geomean_tput_J": 0.791994802041463,
      "per_workload": {
        "fc_128_128": {
          "norm_tput_mm2": 0.34103291654741463,
          "norm_tput_J": 0.7038615688020867
        },
        "fc_2048_256": {
          "norm_tput_mm2": 0.3789778993414696,
          "norm_tput_J": 0.9355919221249862
        },
        "fc_256_512": {
          "norm_tput_mm2": 0.49977795193312446,
          "norm_tput_J": 0.5904004010276332
        },
        "fc_512_128": {
          "norm_tput_mm2": 0.32738454354826935,
          "norm_tput_J": 0.8086885580256985
        },
        "fc_512_512": {
          "norm_tput_mm2": 0.7822856550802051,
          "norm_tput_J": 0.9595789735924264
        },
        "fc_64_64": {
          "norm_tput_mm2": 1.0,
          "norm_tput_J": 0.8179968018607356
        }
      }
    },
    {
      "config": "256x128",
      "geomean_combined": 0.4920861069988886,
      "geomean_tput_mm2": 0.40517025183177846,
      "geomean_tput_J": 0.5976468795686872,
      "per_workload": {
        "fc_128_128": {
          "norm_tput_mm2": 0.6821451466225384,
          "norm_tput_J": 0.9671328671328672
        },
        "fc_2048_256": {
          "norm_tput_mm2": 0.16590076828885184,
          "norm_tput_J": 0.4482661349955359
        },
        "fc_256_512": {
          "norm_tput_mm2": 1.0,
          "norm_tput_J": 1.0
        },
        "fc_512_128": {
          "norm_tput_mm2": 0.20101227743200165,
          "norm_tput_J": 0.4831830368023397
        },
        "fc_512_512": {
          "norm_tput_mm2": 0.37019994844869597,
          "norm_tput_J": 0.4530904225207143
        },
        "fc_64_64": {
          "norm_tput_mm2": 0.5253408582923559,
          "norm_tput_J": 0.4801194539249147
        }
      }
    },
    {
      "config": "256x256",
      "geomean_combined": 0.41703517366352777,
      "geomean_tput_mm2": 0.4015191864198629,
      "geomean_tput_J": 0.4331507483448247,
      "per_workload": {
        "fc_128_128": {
          "norm_tput_mm2": 0.41431453609618485,
          "norm_tput_J": 0.4797710420189931
        },
        "fc_2048_256": {
          "norm_tput_mm2": 0.3061343215536292,
          "norm_tput_J": 0.4559214722832701
        },
        "fc_256_512": {
          "norm_tput_mm2": 0.8573785021860408,
          "norm_tput_J": 0.9445625150372925
        },
        "fc_512_128": {
          "norm_tput_mm2": 0.14143224670008764,
          "norm_tput_J": 0.27698702387397617
        },
        "fc_512_512": {
          "norm_tput_mm2": 0.8103141815696873,
          "norm_tput_J": 0.4664759223095205
        },
        "fc_64_64": {
          "norm_tput_mm2": 0.33621814930710775,
          "norm_tput_J": 0.24739503187513745
        }
      }
    },
    {
      "config": "128x256",
      "geomean_combined": 0.3326474917702635,
      "geomean_tput_mm2": 0.4007084729120886,
      "geomean_tput_J": 0.2761467781723796,
      "per_workload": {
        "fc_128_128": {
          "norm_tput_mm2": 0.6473664626502889,
          "norm_tput_J": 0.5147243545010468
        },
        "fc_2048_256": {
          "norm_tput_mm2": 0.2334199283354173,
          "norm_tput_J": 0.21109656617765596
        },
        "fc_256_512": {
          "norm_tput_mm2": 0.7254335363568943,
          "norm_tput_J": 0.4166976242282723
        },
        "fc_512_128": {
          "norm_tput_mm2": 0.10011504620840533,
          "norm_tput_J": 0.13096614368290668
        },
        "fc_512_512": {
          "norm_tput_mm2": 0.6231304768363007,
          "norm_tput_J": 0.24290246930611117
        },
        "fc_64_64": {
          "norm_tput_mm2": 0.6053507039835164,
          "norm_tput_J": 0.307873283361602
        }
      }
    },
    {
      "config": "256x64",
      "geomean_combined": 0.3227933559286108,
      "geomean_tput_mm2": 0.17560751498551325,
      "geomean_tput_J": 0.5933433466116209,
      "per_workload": {
        "fc_128_128": {
          "norm_tput_mm2": 0.1618416156625722,
          "norm_tput_J": 0.8911800241643174
        },
        "fc_2048_256": {
          "norm_tput_mm2": 0.07000753812173163,
          "norm_tput_J": 0.4193736004140468
        },
        "fc_256_512": {
          "norm_tput_mm2": 0.2811250979623825,
          "norm_tput_J": 0.7035167624878668
        },
        "fc_512_128": {
          "norm_tput_mm2": 0.13521126480395776,
          "norm_tput_J": 0.44964844635971873
        },
        "fc_512_512": {
          "norm_tput_mm2": 0.16477151316397565,
          "norm_tput_J": 0.3802976822254585
        },
        "fc_64_64": {
          "norm_tput_mm2": 0.41326530612244894,
          "norm_tput_J": 0.9705070714039324
        }
      }
    },
    {
      "config": "128x64",
      "geomean_combined": 0.304790949458823,
      "geomean_tput_mm2": 0.24501433925056437,
      "geomean_tput_J": 0.37915137194076215,
      "per_workload": {
        "fc_128_128": {
          "norm_tput_mm2": 0.6473664626502889,
          "norm_tput_J": 0.9832044788056519
        },
        "fc_2048_256": {
          "norm_tput_mm2": 0.0777784822744974,
          "norm_tput_J": 0.1913687132222699
        },
        "fc_256_512": {
          "norm_tput_mm2": 0.29375335197528124,
          "norm_tput_J": 0.3691390334106438
        },
        "fc_512_128": {
          "norm_tput_mm2": 0.12254837131377228,
          "norm_tput_J": 0.23234690887782009
        },
        "fc_512_512": {
          "norm_tput_mm2": 0.12779984368483022,
          "norm_tput_J": 0.1840916694546671
        },
        "fc_64_64": {
          "norm_tput_mm2": 0.9339393036308549,
          "norm_tput_J": 1.0
        }
      }
    },
    {
      "config": "128x128",
      "geomean_combined": 0.292865798916778,
      "geomean_tput_mm2": 0.24615583523246393,
      "geomean_tput_J": 0.34843933760157697,
      "per_workload": {
        "fc_128_128": {
          "norm_tput_mm2": 0.7704195919143932,
          "norm_tput_J": 1.0
        },