{
  "top_k": 3,
  "metric": "geomean_normalized_EDAP",
  "ranking": [
    {
      "config": "512x128",
      "geomean_edap": 0.5509662499374747,
      "per_workload": {
        "attention_128_128": {
          "norm_edap": 0.8056346525983273,
          "edap": 8573455257945.126
        },
        "attention_128_64": {
          "norm_edap": 0.7669934216496882,
          "edap": 1684001889462.1562
        },
        "attention_256_64": {
          "norm_edap": 0.7097240275572596,
          "edap": 47267408956103.66
        },
        "fc_128_128": {
          "norm_edap": 0.9037935538880031,
          "edap": 4389.55513395
        },
        "fc_2048_256": {
          "norm_edap": 0.1894999909934954,
          "edap": 8118583.275644019
        },
        "fc_256_512": {
          "norm_edap": 0.39192070035866866,
          "edap": 317090.77066817926
        },
        "fc_512_128": {
          "norm_edap": 1.0,
          "edap": 13020.4652082
        },
        "fc_512_512": {
          "norm_edap": 0.3936858275638688,
          "edap": 421185.3755143232
        },
        "fc_64_64": {
          "norm_edap": 0.40371907176886435,
          "edap": 2477.6335603799994
        }
      }
    },
    {
      "config": "1024x128",
      "geomean_edap": 0.4754327961005613,
      "per_workload": {
        "attention_128_128": {
          "norm_edap": 0.6007126310081782,
          "edap": 11498131205780.975
        },
        "attention_128_64": {
          "norm_edap": 0.7173379671425192,
          "edap": 1800571600034.2458
        },
        "attention_256_64": {
          "norm_edap": 0.724784953475118,
          "edap": 46285199072739.37
        },
        "fc_128_128": {
          "norm_edap": 0.5133124006537265,
          "edap": 7728.72743664
        },
        "fc_2048_256": {
          "norm_edap": 0.5147645933745191,
          "edap": 2988689.349298666
        },
        "fc_256_512": {
          "norm_edap": 0.24878614416034492,
          "edap": 499523.14401177753
        },
        "fc_512_128": {
          "norm_edap": 0.8804351258251844,
          "edap": 14788.670767759997
        },
        "fc_512_512": {
          "norm_edap": 0.21913189928046733,
          "edap": 756689.0701975279
        },
        "fc_64_64": {
          "norm_edap": 0.3133162382968573,
          "edap": 3192.51860873
        }
      }
    },
    {
      "config": "512x256",
      "geomean_edap": 0.45644206638472273,
      "per_workload": {
        "attention_128_128": {
          "norm_edap": 0.676060135774821,
          "edap": 10216654233555.49
        },
        "attention_128_64": {
          "norm_edap": 0.6435872927085105,
          "edap": 2006904713465.359
        },
        "attention_256_64": {
          "norm_edap": 0.5570755769612863,
          "edap": 60219505653993.68
        },
        "fc_128_128": {
          "norm_edap": 0.32618052089847654,
          "edap": 12162.748479192
        },
        "fc_2048_256": {
          "norm_edap": 0.19245283557804482,
          "edap": 7994018.13433189
        },
        "fc_256_512": {
          "norm_edap": 0.8795947896402828,
          "edap": 141286.00849075723
        },
        "fc_512_128": {
          "norm_edap": 0.41140270594822675,
          "edap": 31648.953737894393
        },
        "fc_512_512": {
          "norm_edap": 1.0,
          "edap": 165814.71311715516
        },
        "fc_64_64": {
          "norm_edap": 0.15618234148418716,
          "edap": 6404.487931699199
        }
      }
    },
    {
      "config": "512x64",
      "geomean_edap": 0.4562785133235845,
      "per_workload": {
        "attention_128_128": {
          "norm_edap": 0.4534971079679328,
          "edap": 15230687311881.006
        },
        "attention_128_64": {
          "norm_edap": 0.840600067481449,
          "edap": 1536543263829.352
        },
        "attention_256_64": {
          "norm_edap": 0.6560363719501299,
          "edap": 51135603589784.06
        },
        "fc_128_128": {
          "norm_edap": 0.7331840752158424,
          "edap": 5410.989911820001
        },
        "fc_2048_256": {
          "norm_edap": 0.10122212258607538,
          "edap": 15198964.596955841
        },
        "fc_256_512": {
          "norm_edap": 0.3131828336424506,
          "edap": 396811.13895093754
        },
        "fc_512_128": {
          "norm_edap": 0.7748170616249633,
          "edap": 16804.56697855
        },
        "fc_512_512": {
          "norm_edap": 0.25125327292529454,
          "edap": 659950.4602929375
        },
        "fc_64_64": {
          "norm_edap": 0.7574971164936563,
          "edap": 1320.49073112
        }
      }
    },
    {
      "config": "1024x256",
      "geomean_edap": 0.4216822109227345,
      "per_workload": {
        "attention_128_128": {
          "norm_edap": 0.7750756470175412,
          "edap": 8911481962928.46
        },
        "attention_128_64": {
          "norm_edap": 0.3948008029998258,
          "edap": 3271569767459.893
        },
        "attention_256_64": {
          "norm_edap": 0.5954413211291582,
          "edap": 56339415264136.97
        },
        "fc_128_128": {
          "norm_edap": 0.24392727056635696,
          "edap": 16264.075866911999
        },
        "fc_2048_256": {
          "norm_edap": 1.0,
          "edap": 1538471.457614484
        },
        "fc_256_512": {
          "norm_edap": 0.46774973446103024,
          "edap": 265685.7455210304
        },
        "fc_512_128": {
          "norm_edap": 0.32546671647478487,
          "edap": 40005.51991683839
        },
        "fc_512_512": {
          "norm_edap": 0.5455594024070232,
          "edap": 303935.212894464
        },
        "fc_64_64": {
          "norm_edap": 0.114204679826941,
          "edap": 8758.5545767104
        }
      }
    },
    {
      "config": "256x128",
      "geomean_edap": 0.38786155532728084,
      "per_workload": {
        "attention_128_128": {
          "norm_edap": 0.7144061811420829,
          "edap": 9668271118903.195
        },
        "attention_128_64": {
          "norm_edap": 1.0,
          "edap": 1291618371263.1191
        },
        "attention_256_64": {
          "norm_edap": 0.8343706951660355,
          "edap": 40206129063349.15
        },
        "fc_128_128": {
          "norm_edap": 1.0,
          "edap": 3967.2516345
        },
        "fc_2048_256": {
          "norm_edap": 0.04874328727408254,
          "edap": 31562734.966226008
        },
        "fc_256_512": {
          "norm_edap": 0.6837634108550843,
          "edap": 181750.6391020992
        },
        "fc_512_128": {
          "norm_edap": 0.2794735960794511,
          "edap": 46589.24990000999
        },
        "fc_512_512": {
          "norm_edap": 0.07583401748720066,
          "edap": 2186547.91888273
        },
        "fc_64_64": {
          "norm_edap": 0.4718031609195402,
          "edap": 2120.09584512
        }
      }
    },
    {
      "config": "256x64",
      "geomean_edap": 0.3227292241051282,
      "per_workload": {
        "attention_128_128": {
          "norm_edap": 0.6706934946350779,
          "edap": 10298404119843.209
        },
        "attention_128_64": {
          "norm_edap": 0.9688688534845329,
          "edap": 1333119922905.7874
        },
        "attention_256_64": {
          "norm_edap": 0.8226666921310571,
          "edap": 40778137947485.67
        },
        "fc_128_128": {
          "norm_edap": 0.6726826528868061,
          "edap": 5897.657115839999
        },
        "fc_2048_256": {
          "norm_edap": 0.032277585017358564,
          "edap": 47663772.14364424
        },
        "fc_256_512": {
          "norm_edap": 0.34325480177416234,
          "edap": 362047.191401875
        },
        "fc_512_128": {
          "norm_edap": 0.15781260563787586,
          "edap": 82505.8629224928
        },
        "fc_512_512": {
          "norm_edap": 0.06685312592383061,
          "edap": 2480283.6191396173
        },