{
  "top_k": 3,
  "metric": "geomean_normalized_tput_mm2_and_J",
  "ranking": [
    {
      "config": "512x128",
      "geomean_combined": 0.6748113907800714,
      "geomean_tput_mm2": 0.6572825389560177,
      "geomean_tput_J": 0.6928077137874576,
      "per_workload": {
        "fc_128_128": {
          "norm_tput_mm2": 1.0,
          "norm_tput_J": 0.823508189624071
        },
        "fc_2048_256": {
          "norm_tput_mm2": 0.2578379768557255,
          "norm_tput_J": 0.4795357469518964
        },
        "fc_256_512": {
          "norm_tput_mm2": 0.5962047575139501,
          "norm_tput_J": 0.8046115125436388
        },
        "fc_512_128": {
          "norm_tput_mm2": 1.0,
          "norm_tput_J": 1.0
        },
        "fc_512_512": {
          "norm_tput_mm2": 0.5245298994515059,
          "norm_tput_J": 0.8620289855072463
        },
        "fc_64_64": {
          "norm_tput_mm2": 1.0,
          "norm_tput_J": 0.40371907176886435
        }
      }
    },
    {
      "config": "1024x128",
      "geomean_combined": 0.6412862749095605,
      "geomean_tput_mm2": 0.6158049258440771,
      "geomean_tput_J": 0.6678220149403434,
      "per_workload": {
        "fc_128_128": {
          "norm_tput_mm2": 0.6279198964963107,
          "norm_tput_J": 0.6815765900268738
        },
        "fc_2048_256": {
          "norm_tput_mm2": 0.6342238477259073,
          "norm_tput_J": 1.0
        },
        "fc_256_512": {
          "norm_tput_mm2": 0.5962047575139501,
          "norm_tput_J": 0.6248124377419395
        },
        "fc_512_128": {
          "norm_tput_mm2": 0.591715976331361,
          "norm_tput_J": 0.7827294825790022
        },
        "fc_512_512": {
          "norm_tput_mm2": 0.591715976331361,
          "norm_tput_J": 0.7557814485387547
        },
        "fc_64_64": {
          "norm_tput_mm2": 0.6559792629394474,
          "norm_tput_J": 0.35212117150325045
        }
      }
    },
    {
      "config": "1024x64",
      "geomean_combined": 0.6350062272321726,
      "geomean_tput_mm2": 0.6127222841256306,
      "geomean_tput_J": 0.6581006094776863,
      "per_workload": {
        "fc_128_128": {
          "norm_tput_mm2": 0.4559483650185997,
          "norm_tput_J": 0.5239887975758689
        },
        "fc_2048_256": {
          "norm_tput_mm2": 0.6780112508517822,
          "norm_tput_J": 0.9855815736161049
        },
        "fc_256_512": {
          "norm_tput_mm2": 0.6403786566287776,
          "norm_tput_J": 0.6178861788617885
        },
        "fc_512_128": {
          "norm_tput_mm2": 0.4616678493775429,
          "norm_tput_J": 0.6535543420480355
        },
        "fc_512_512": {
          "norm_tput_mm2": 0.5789792637487444,
          "norm_tput_J": 0.6805410027580061
        },
        "fc_64_64": {
          "norm_tput_mm2": 1.0,
          "norm_tput_J": 0.5723935069179649
        }
      }
    },
    {
      "config": "1024x256",
      "geomean_combined": 0.5828983024797711,
      "geomean_tput_mm2": 0.7142857142857143,
      "geomean_tput_J": 0.47567860344731827,
      "per_workload": {
        "fc_128_128": {
          "norm_tput_mm2": 0.5102040816326531,
          "norm_tput_J": 0.33721376865120406
        },
        "fc_2048_256": {
          "norm_tput_mm2": 1.0,
          "norm_tput_J": 0.9790238949925667
        },
        "fc_256_512": {
          "norm_tput_mm2": 1.0,
          "norm_tput_J": 0.6482385107468505
        },
        "fc_512_128": {
          "norm_tput_mm2": 0.5102040816326531,
          "norm_tput_J": 0.4166615318257441
        },
        "fc_512_512": {
          "norm_tput_mm2": 1.0,
          "norm_tput_J": 0.7899843417962197
        },
        "fc_64_64": {
          "norm_tput_mm2": 0.510204081632653,
          "norm_tput_J": 0.16445473895079504
        }
      }
    },
    {
      "config": "512x64",
      "geomean_combined": 0.5465258308645808,
      "geomean_tput_mm2": 0.40316332018546874,
      "geomean_tput_J": 0.7408672090129945,
      "per_workload": {
        "fc_128_128": {
          "norm_tput_mm2": 0.39432449949049925,
          "norm_tput_J": 0.7878641446914262
        },
        "fc_2048_256": {
          "norm_tput_mm2": 0.15692642144260888,
          "norm_tput_J": 0.46407761984152907
        },
        "fc_256_512": {
          "norm_tput_mm2": 0.5087855187986161,
          "norm_tput_J": 0.8665209408061554
        },
        "fc_512_128": {
          "norm_tput_mm2": 0.3136420680094935,
          "norm_tput_J": 0.7646726224132081
        },
        "fc_512_512": {
          "norm_tput_mm2": 0.4348777581046125,
          "norm_tput_J": 0.9010827791864006
        },
        "fc_64_64": {
          "norm_tput_mm2": 1.0,
          "norm_tput_J": 0.7574971164936563
        }
      }
    },
    {
      "config": "512x256",
      "geomean_combined": 0.5348057109859136,
      "geomean_tput_mm2": 0.5341080960769647,
      "geomean_tput_J": 0.535504237071017,
      "per_workload": {
        "fc_128_128": {
          "norm_tput_mm2": 0.5555995434061113,
          "norm_tput_J": 0.4678801295453614
        },
        "fc_2048_256": {
          "norm_tput_mm2": 0.4005822160088237,
          "norm_tput_J": 0.48313314992507106
        },
        "fc_256_512": {
          "norm_tput_mm2": 0.6341979089292692,
          "norm_tput_J": 0.8808618053827284
        },
        "fc_512_128": {
          "norm_tput_mm2": 0.5102040816326531,
          "norm_tput_J": 0.5266765324402213
        },
        "fc_512_512": {
          "norm_tput_mm2": 0.591715976331361,
          "norm_tput_J": 1.0
        },
        "fc_64_64": {
          "norm_tput_mm2": 0.5448028765694398,
          "norm_tput_J": 0.22486625294243529
        }
      }
    },
    {
      "config": "256x128",
      "geomean_combined": 0.37193288046973494,
      "geomean_tput_mm2": 0.2838240222742607,
      "geomean_tput_J": 0.4873937958670785,
      "per_workload": {
        "fc_128_128": {
          "norm_tput_mm2": 0.706825751776193,
          "norm_tput_J": 0.9788164665523157
        },
        "fc_2048_256": {
          "norm_tput_mm2": 0.07993787701180492,
          "norm_tput_J": 0.2510845255752751
        },
        "fc_256_512": {
          "norm_tput_mm2": 0.6859484582978975,
          "norm_tput_J": 1.0
        },
        "fc_512_128": {
          "norm_tput_mm2": 0.13235604704546317,
          "norm_tput_J": 0.3387605831371174
        },
        "fc_512_512": {
          "norm_tput_mm2": 0.1467429172575562,
          "norm_tput_J": 0.34127544949961647
        },
        "fc_64_64": {
          "norm_tput_mm2": 0.6944444444444445,
          "norm_tput_J": 0.4718031609195402
        }
      }
    },
    {
      "config": "256x256",
      "geomean_combined": 0.3078206698725126,
      "geomean_tput_mm2": 0.2761968626048576,
      "geomean_tput_J": 0.34306531908844334,
      "per_workload": {
        "fc_128_128": {
          "norm_tput_mm2": 0.42462636233555845,
          "norm_tput_J": 0.4707362342751083
        },
        "fc_2048_256": {
          "norm_tput_mm2": 0.13604583272466741,
          "norm_tput_J": 0.2368335069349268
        },
        "fc_256_512": {
          "norm_tput_mm2": 0.591715976331361,
          "norm_tput_J": 0.9482365998813556
        },
        "fc_512_128": {
          "norm_tput_mm2": 0.08457763132719355,
          "norm_tput_J": 0.17098425943485682
        },
        "fc_512_512": {
          "norm_tput_mm2": 0.34548878489298257,
          "norm_tput_J": 0.3738652904591769
        },
        "fc_64_64": {
          "norm_tput_mm2": 0.4444444444444445,
          "norm_tput_J": 0.2412415629735066
        }
      }
    },
    {
      "config": "256x64",
      "geomean_combined": 0.2564773717122733,
      "geomean_tput_mm2": 0.1298669269414017,
      "geomean_tput_J": 0.5065234371035593,
      "per_workload": {
        "fc_128_128": {
          "norm_tput_mm2": 0.17525533310688857,
          "norm_tput_J": 0.9398830601992917
        },